Wuxia Princess Mega Reels,武俠公主 百万大轮,wuxiaprincessmegareels,Hot
Fortune Hong Bao,旺旺红包,fortunehongbao,Hot
Captain Rabbit,宝兔队长,captainrabbit,Hot
Panda Warrior,侠客熊猫,pandawarrior,Hot
Blossom Garden,桃源秘境,blossomgarden,Hot
Strip' n Roll,脱金俱乐部,stripnroll,Hot
God of Fortune,财神到,godoffortune,Hot
Nuwa and the Five Elements,女娲与五行,nuwaandthefiveelements,Hot
Lucky Bomber,幸运炸弹人,luckybomber,Hot
Lion Dance,千狮万舞,liondance,Hot
Fa Fa Zhu,发发猪,fafazhu,Hot
Three Beauties,桃花三仙,threebeauties,Hot
777 Golden Wheel,777 幸运大转盘,goldenwheel,Hot
Fountain of Fortune,财富之泉,fountainoffortune,Hot
Xuan Wu Blessing,玄武赐福,xuanwublessing,Hot
Magic Paper,神奇折纸,magicpaper,Hot
,,,
,,,
Captain Rabbit,宝兔队长,captainrabbit,New
Strip' n Roll,脱金俱乐部,stripnroll,New
Fortune Hong Bao,旺旺红包,fortunehongbao,New
Three Beauties,桃花三仙,threebeauties,New
Lucky Giant,幸运钢巨人,luckygiant,New
Space Neon,霓虹空间,spaceneon,New
Jazz It Up,爵士好声音,jazzitup,New
Vikings: Mega Reels,万金: 百万大轮,vikingsmegareels,New
Chess Royale,至尊棋王,chessroyale,New
Moon Rabbit,月光宝兔,moonrabbit,New
Alchemist's Spell,魔幻炼金,alchemistsspell,New
Gem Forest,宝石赢家,gemforest,New
Money Monkey,铁锤金星,moneymonkey,New
Jewel Land,取宝乐园,jewelland,New
Frost Dragon,冰雪藏龙,frostdragon,New
World Soccer Slot 2,世界足球老虎机2,worldsoccerslot2,New
,,,
,,,
Wuxia Princess Mega Reels,武俠公主 百万大轮,wuxiaprincessmegareels,Slot
Fortune Hong Bao,旺旺红包,fortunehongbao,Slot
Captain Rabbit,宝兔队长,captainrabbit,Slot
Panda Warrior,侠客熊猫,pandawarrior,Slot
Blossom Garden,桃源秘境,blossomgarden,Slot
Strip' n Roll,脱金俱乐部,stripnroll,Slot
God of Fortune,财神到,godoffortune,Slot
Nuwa and the Five Elements,女娲与五行,nuwaandthefiveelements,Slot
Lucky Bomber,幸运炸弹人,luckybomber,Slot
Lion Dance,千狮万舞,liondance,Slot
Fa Fa Zhu,发发猪,fafazhu,Slot
Three Beauties,桃花三仙,threebeauties,Slot
777 Golden Wheel,777 幸运大转盘,goldenwheel,Slot
Fountain of Fortune,财富之泉,fountainoffortune,Slot
Xuan Wu Blessing,玄武赐福,xuanwublessing,Slot
Magic Paper,神奇折纸,magicpaper,Slot
Cosmic Boost,翱翔银河系,cosmicboost,Slot
Phantom Thief,幻影神偷,phantomthief,Slot
KlassiK (only HTML5),经典老虎机,klassik,Slot
Sweet Treats,甜蜜相待,sweettreats,Slot
4 Guardians,四大神兽,fourguardians,Slot
Hula Girl,花夏女孩,hulagirl,Slot
Candylicious,甜蜜蜜,candylicious,Slot
Cleopatra,埃及艳后,cleopatra,Slot
Fruitilicious,水果乐园,fruitilicious,Slot
Legend of Nezha,哪吒闹海,legendofnezha,Slot
Three Kingdoms,转三国,threekingdoms,Slot
Trick or Treat,万圣惊魂夜,trickortreat,Slot
Wilds and the Beanstalk,疯狂豌豆,wildsandthebeanstalk,Slot
Winter Wonderland,冬雪仙境,winterwonderland,Slot
Zodiac,十二生肖,zodiac,Slot
Genie's Luck,精灵寻宝,geniesluck,Slot
Kung Fu Furry,猫犬之争,kungfufurry,Slot
Lady Fortune,财富女神,ladyfortune,Slot
Lucky Royale,至尊扑克,luckyroyale,Slot
Monsters Cash,魔物赏金,monsterscash,Slot
Sky Strikers,致命雄鹰,skystrikers,Slot
Lantern Festival,闹花灯,lanternfestival,Slot
Golden Eggs,金蛋鹅,goldeneggs,Slot
Zeus,宙斯 - 众神之王,zeus,Slot
World of Warlords,英雄崛起,worldofwarlords,Slot
Pharaoh,法老王,pharaoh,Slot
Qi Xi,七夕情缘,qixi,Slot
Samurai Sushi,寿司武士,samuraisushi,Slot
Dimsumlicious,舌尖上的点心,dimsumlicious,Slot
God of Gamblers,赌神,godofgamblers,Slot
7 Wonders,七大奇观,sevenwonders,Slot
Under Water World,海底世界,underwaterworld,Slot
Baseball,热血棒球,baseball,Slot
Monkey King,齐天大圣,monkeyking,Slot
Bikini Beach,沙滩比基尼,bikinibeach,Slot
Little Monsters,顽皮小怪兽,littlemonsters,Slot
Fruitilicious,水果乐园,fruitilicious,Slot
Desert Oasis,沙漠寻宝,desertoasis,Slot
Mafia,黑手党,mafia,Slot
Forbidden Chamber,金瓶梅,forbiddenchamber,Slot
Boxing,拳击,boxing,Slot
God of Fortune,财神到,godoffortune,Slot
Roman Empire,罗马帝国,romanempire,Slot
Casino Royale,皇家赌场,casinoroyale,Slot
Queen Bee,蜜花园,queenbee,Slot
Tokyo Hunter,东京猎人,tokyohunter,Slot
Fortune Koi,锦鲤纳福,fortunekoi,Slot
7 Brothers,福禄娃,sevenbrothers,Slot
Panda,熊猫萌萌哒,panda,Slot
Fu Lu Shou,福禄寿,fulushou,Slot
Flora's Secret,秘密花园,florassecret,Slot
The Nutcracker,胡桃夹欢乐夜,nutcracker,Slot
Red Chamber,红楼梦,redchamber,Slot
World Soccer Slot,足球老虎机,soccer,Slot
Four Beauties,四大美人,fourbeauties,Slot
Kings of Highway,高速之王,kingsofhighway,Slot
Golf Tour,高尔夫巡回赛,golftour,Slot
Fortune Cat,招财猫,fortunecat,Slot
Deep Blue,深海探险,deepblue,Slot
Fortune Tree,摇钱树,fortunetree,Slot
Pirate's Treasure,海盗寻宝,piratestreasure,Slot
Fortune Dice,幸运骰子,fortunedice,Slot
Lucky Giant,幸运钢巨人,luckygiant,Slot
Space Neon,霓虹空间,spaceneon,Slot
Jazz It Up,爵士好声音,jazzitup,Slot
Vikings: Mega Reels,万金: 百万大轮,vikingsmegareels,Slot
Chess Royale,至尊棋王,chessroyale,Slot
Moon Rabbit,月光宝兔,moonrabbit,Slot
Alchemist's Spell,魔幻炼金,alchemistsspell,Slot
Gem Forest,宝石赢家,gemforest,Slot
Money Monkey,铁锤金星,moneymonkey,Slot
Jewel Land,取宝乐园,jewelland,Slot
Frost Dragon,冰雪藏龙,frostdragon,Slot
World Soccer Slot 2,世界足球老虎机2,worldsoccerslot2,Slot
