79mafnrjt48aa,New
k3anse3yrrunq,New
pirtanombyroh,New
ne4gq55cpitgg,New
kia1eetdryo1c,New
u17q53q45xcp1,New
ef1uyxt98o6ur,New
9xpa7brfxj7zo,New
naagsa5ycfugq,New
i4rc816e388c6,New
nh9swadbc3use,New
9upe5bm4xph81,New
tqi9778i7mi6o,New
9mqe9bhroi78s,New
byz81hmsq748k,New
113qm5xnhxoqn,New
5m6k9j7rwspjs,New
igg7tisz4ukhw,New
w4ypzw6o48mpq,New
xbxy1yegyhnyk,New
foff4ikkjprr1,New
ruufkzk1kpefn,New
awn5jciusna5c,New
3hj4fkfji4z4a,New
4akkze7ywgukq,New
86burqb38a9ua,New
o7f9ih8t6559e,New
8u9r4tj48chd1,New
wtupmzq14xepn,New
d8cso3u8ct1iw,New
3yfmucpss64mk,New
bmr8675wqiigs,New
bzgza4umpbwsh,New
s77hiogba5dhe,New
dxxsh3dfmjpio,New
7cz37fritkfao,New
7tccifcktqre1,New
zygj7oqga9nck,New
srd3xusx3ughr,New
1ru5x5zx7us6r,New
dkzdo35rcipfs,New
q9gi4yybyadoe,New
wykepsq659qp4,New
rsjogw1ukbeic,New
5ii9zgw5unc3h,New
xmzfobaryz7xs,New
qxoindypyeboy,New
aij68ciusna5c,New
satj3o6ya8dcq,New
8nsbhokge7nrk,New
ww3a8wsu4de7c,New
43bx3e7ywgukq,New
ioheiiqk3xrc1,New
7f9h9fwz11kaw,New
84igeq3a8r9d6,New
fk9yoi4wkifrs,New
ateqfxp1sqamn,New
ie9eti6w4zfcs,New
oajk3h9o685xq,New
ur8593z8hu17w,New
j9nzkkbjfaz1a,New
4tyxfmpnwqokn,New
soojfuqnaxycn,New
9ii7s6u5xbhzh,New
wcaadzg74mj7y,New
xkhy6baryz7xs,New
qq5ocdypyeboy,New
g54rso4yefdrq,New
ary5bxi9z165r,New
b8rzo7uzqt4sw,New
8d7r1okge7nrk,New
nzkseaudcbosc,New
wi17jwsu4de7c,New
1jeqx59c7ztqg,New
4omkmmpnwqokn,New
st5cmuqnaxycn,New
ddpg1amgc71gk,New
p63ornyjba8oa,New
xq9ohbyf9m79o,New
kk8nqm3cfwtng,New
,
fwria11mjbrwh,Hot
8rqwot18etnuw,Hot
dhdirsn3m3xia,Hot
79mafnrjt48aa,Hot
k3anse3yrrunq,Hot
pirtanombyroh,Hot
ne4gq55cpitgg,Hot
kia1eetdryo1c,Hot
u17q53q45xcp1,Hot
ef1uyxt98o6ur,Hot
9xpa7brfxj7zo,Hot
naagsa5ycfugq,Hot
i4rc816e388c6,Hot
nh9swadbc3use,Hot
9upe5bm4xph81,Hot
tqi9778i7mi6o,Hot
9mqe9bhroi78s,Hot
byz81hmsq748k,Hot
113qm5xnhxoqn,Hot
5m6k9j7rwspjs,Hot
igg7tisz4ukhw,Hot
w4ypzw6o48mpq,Hot
xbxy1yegyhnyk,Hot
ywozehuuqbazc,Hot
foff4ikkjprr1,Hot
bcizh7dipjiso,Hot
55hj8ghaugxj6,Hot
jpiuhpbifei1o,Hot
ruufkzk1kpefn,Hot
awn5jciusna5c,Hot
3hj4fkfji4z4a,Hot
4akkze7ywgukq,Hot
86burqb38a9ua,Hot
o7f9ih8t6559e,Hot
8u9r4tj48chd1,Hot
wtupmzq14xepn,Hot
d8cso3u8ct1iw,Hot
3yfmucpss64mk,Hot
itzp5iqk3xrc1,Hot
7rw3tfwz11kaw,Hot
aodmmxp1sqamn,Hot
o3nxzh9o685xq,Hot
ufc6t3z8hu17w,Hot
j6j1rkbjfaz1a,Hot
9w6aa6u5xbhzh,Hot
wpu7pzg74mj7y,Hot
tbfxuhxs694xk,Hot
gd3rn1kqj7gr4,Hot
wfo7bzs95uq7r,Hot
jsguaktmfyw1h,Hot
bmr8675wqiigs,Hot
bzgza4umpbwsh,Hot
s77hiogba5dhe,Hot
dxxsh3dfmjpio,Hot
7cz37fritkfao,Hot
7tccifcktqre1,Hot
zygj7oqga9nck,Hot
srd3xusx3ughr,Hot
1ru5x5zx7us6r,Hot
dkzdo35rcipfs,Hot
q9gi4yybyadoe,Hot
wykepsq659qp4,Hot
rsjogw1ukbeic,Hot
5ii9zgw5unc3h,Hot
xmzfobaryz7xs,Hot
qxoindypyeboy,Hot
aij68ciusna5c,Hot
satj3o6ya8dcq,Hot
8nsbhokge7nrk,Hot
ww3a8wsu4de7c,Hot
43bx3e7ywgukq,Hot
ioheiiqk3xrc1,Hot
7f9h9fwz11kaw,Hot
84igeq3a8r9d6,Hot
fk9yoi4wkifrs,Hot
ateqfxp1sqamn,Hot
ie9eti6w4zfcs,Hot
oajk3h9o685xq,Hot
ur8593z8hu17w,Hot
j9nzkkbjfaz1a,Hot
4tyxfmpnwqokn,Hot
soojfuqnaxycn,Hot
9ii7s6u5xbhzh,Hot
wcaadzg74mj7y,Hot
xkhy6baryz7xs,Hot
qq5ocdypyeboy,Hot
g54rso4yefdrq,Hot
ary5bxi9z165r,Hot
b8rzo7uzqt4sw,Hot
8d7r1okge7nrk,Hot
nzkseaudcbosc,Hot
wi17jwsu4de7c,Hot
1jeqx59c7ztqg,Hot
4omkmmpnwqokn,Hot
st5cmuqnaxycn,Hot
ddpg1amgc71gk,Hot
p63ornyjba8oa,Hot
xq9ohbyf9m79o,Hot
kk8nqm3cfwtng,Hot
dc7sh3dfmjpio,Hot
3uim5ppkiqwk1,Hot
j3wngk3efrzn6,Hot
yr1zy9u9xt6zr,Hot
hxb3p8r71kj3y,Hot
,
fwria11mjbrwh,Slot
8rqwot18etnuw,Slot
kf41ymtxfos1r,Slot
ebudnqj68h6d4,Slot
xtpy4bx49xhx1,Slot
1q36p58phmt6y,Slot
dhdirsn3m3xia,Slot
rh8iwwntk3mie,Slot
axt5pxf7sk35y,Slot
69xaiyrbo4dae,Slot
oqt9p9876m39y,Slot
jbzd1cjsgh4dk,Slot
4d5kdkpqi6sk4,Slot
u6d7fsg355x7a,Slot
t656f48j75z6a,Slot
z1pc5tp4zqhm1,Slot
bes8675wqiigs,Slot
bwwza4umpbwsh,Slot
s6xhiogba5dhe,Slot
5864tji8w113w,Slot
qieoeyodyyyoc,Slot
79mafnrjt48aa,Slot
k3anse3yrrunq,Slot
pirtanombyroh,Slot
ne4gq55cpitgg,Slot
kia1eetdryo1c,Slot
u17q53q45xcp1,Slot
ef1uyxt98o6ur,Slot
9xpa7brfxj7zo,Slot
naagsa5ycfugq,Slot
i4rc816e388c6,Slot
nh9swadbc3use,Slot
9upe5bm4xph81,Slot
tqi9778i7mi6o,Slot
9mqe9bhroi78s,Slot
byz81hmsq748k,Slot
113qm5xnhxoqn,Slot
5m6k9j7rwspjs,Slot
igg7tisz4ukhw,Slot
w4ypzw6o48mpq,Slot
xbxy1yegyhnyk,Slot
ywozehuuqbazc,Slot
foff4ikkjprr1,Slot
bcizh7dipjiso,Slot
55hj8ghaugxj6,Slot
jpiuhpbifei1o,Slot
ruufkzk1kpefn,Slot
awn5jciusna5c,Slot
3hj4fkfji4z4a,Slot
4akkze7ywgukq,Slot
86burqb38a9ua,Slot
o7f9ih8t6559e,Slot
8u9r4tj48chd1,Slot
wtupmzq14xepn,Slot
d8cso3u8ct1iw,Slot
3yfmucpss64mk,Slot
itzp5iqk3xrc1,Slot
7rw3tfwz11kaw,Slot
aodmmxp1sqamn,Slot
o3nxzh9o685xq,Slot
ufc6t3z8hu17w,Slot
j6j1rkbjfaz1a,Slot
9w6aa6u5xbhzh,Slot
wpu7pzg74mj7y,Slot
tbfxuhxs694xk,Slot
gd3rn1kqj7gr4,Slot
wfo7bzs95uq7r,Slot
jsguaktmfyw1h,Slot
bmr8675wqiigs,Slot
bzgza4umpbwsh,Slot
s77hiogba5dhe,Slot
dxxsh3dfmjpio,Slot
7cz37fritkfao,Slot
7tccifcktqre1,Slot
zygj7oqga9nck,Slot
srd3xusx3ughr,Slot
1ru5x5zx7us6r,Slot
dkzdo35rcipfs,Slot
q9gi4yybyadoe,Slot
wykepsq659qp4,Slot
rsjogw1ukbeic,Slot
5ii9zgw5unc3h,Slot
xmzfobaryz7xs,Slot
qxoindypyeboy,Slot
aij68ciusna5c,Slot
satj3o6ya8dcq,Slot
8nsbhokge7nrk,Slot
ww3a8wsu4de7c,Slot
43bx3e7ywgukq,Slot
ioheiiqk3xrc1,Slot
7f9h9fwz11kaw,Slot
84igeq3a8r9d6,Slot
fk9yoi4wkifrs,Slot
ateqfxp1sqamn,Slot
ie9eti6w4zfcs,Slot
oajk3h9o685xq,Slot
ur8593z8hu17w,Slot
j9nzkkbjfaz1a,Slot
4tyxfmpnwqokn,Slot
soojfuqnaxycn,Slot
9ii7s6u5xbhzh,Slot
wcaadzg74mj7y,Slot
,
xkhy6baryz7xs,Fishing
qq5ocdypyeboy,Fishing
g54rso4yefdrq,Fishing
ary5bxi9z165r,Fishing
b8rzo7uzqt4sw,Fishing
8d7r1okge7nrk,Fishing
nzkseaudcbosc,Fishing
wi17jwsu4de7c,Fishing
1jeqx59c7ztqg,Fishing
4omkmmpnwqokn,Fishing
st5cmuqnaxycn,Fishing
ddpg1amgc71gk,Fishing
p63ornyjba8oa,Fishing
xq9ohbyf9m79o,Fishing
kk8nqm3cfwtng,Fishing
,
dc7sh3dfmjpio,Table
3uim5ppkiqwk1,Table
j3wngk3efrzn6,Table
yr1zy9u9xt6zr,Table
hxb3p8r71kj3y,Table
