Moon Princess,月亮守护者,334,100334,moonprincess,moonprincessmobile,Hot
Rise of Olympus,奥林匹斯之巅 ,352,100352,riseofolympus,riseofolympusmobile,Hot
Gemix,五彩宝石,286,100286,gemix,gemixmobile,Hot
Mystery Joker,神秘小丑,283,100283,mysteryjoker,mysteryjokermobile,Hot
Xmas Joker,圣诞小丑,309,100309,christmasjoker,christmasjokermobile,Hot
Golden Ticket,黄金入场券,285,100285,goldenticket,goldenticketmobile,Hot
Sweet Alchemy,魔力 小甜心,336,100336,sweetalchemy,sweetalchemymobile,Hot
Reactoonz,外星实验室,333,100333,reactoonz,reactoonzmobile,Hot
Book of Dead,亡灵书,310,100310,bookofdead,bookofdeadmobile,Hot
Energoonz,能量小精灵,262,100262,energoonz,energoonzmobile,Hot
BlackJack MH,多手21点,52,100052,blackjackmh,blackjackmhmobile,Hot
Troll Hunters,巨魔猎人,254,100254,trollhunters,trollhuntersmobile,Hot
Fire Joker,火焰小丑,307,100307,firejoker,firejokermobile,Hot
Pimped,酷炫一族,291,100291,pimped,pimpedmobile,Hot
,,,,,,
Iron Girl,钢铁女侠,306,100306,irongirl,irongirlmobile,New
Street Magic,街头魔术,351,100351,streetmagic,streetmagicmobile,New
Rise of Olympus,奥林匹斯之巅 ,352,100352,riseofolympus,riseofolympusmobile,New
Sizzling Spins,炙热旋转,357,100357,sizzlingspins,sizzlingspinsmobile,New
Cats and Cash,猫与钞票,193,100193,catsandcash,catsandcashmobile,New
Cops'n'Robbers,警匪游戏,194,100194,copsnrobbers,copsnrobbersmobile,New
Legacy of Egypt,埃及的遗产,339,100339,legacyofegypt,legacyofegyptmobile,New
Baker's Treat,点心派对,349,100349,bakerstreat,bakerstreatmobile,New
Sweet Alchemy,魔力 小甜心,336,100336,sweetalchemy,sweetalchemymobile,New
House of Doom,末日之屋,666,100666,houseofdoom,houseofdoommobile,New
Imperial Opera,京城曲艺,348,100348,imperialopera,imperialoperamobile,New
Gold King,黃金國王,341,100341,goldking,goldkingmobile,New
Planet Fortune,星球寻宝,345,100345,planetfortune,planetfortunemobile,New
Mystery Joker 6000,神秘小丑6000,338,100338,mysteryjoker6000,mysteryjoker6000mobile,New
Sea Hunter,深海猎人,331,100331,seahunter,seahuntermobile,New
Fu Er Dai,富二代,337,100337,fuerdai,fuerdaimobile,New
,,,,,,
Moon Princess,月亮守护者,334,100334,moonprincess,moonprincessmobile,Slot
Rise of Olympus,奥林匹斯之巅 ,352,100352,riseofolympus,riseofolympusmobile,Slot
Gemix,五彩宝石,286,100286,gemix,gemixmobile,Slot
Mystery Joker,神秘小丑,283,100283,mysteryjoker,mysteryjokermobile,Slot
Golden Ticket,黄金入场券,285,100285,goldenticket,goldenticketmobile,Slot
Sweet Alchemy,魔力 小甜心,336,100336,sweetalchemy,sweetalchemymobile,Slot
Reactoonz,外星实验室,333,100333,reactoonz,reactoonzmobile,Slot
Book of Dead,亡灵书,310,100310,bookofdead,bookofdeadmobile,Slot
Energoonz,能量小精灵,262,100262,energoonz,energoonzmobile,Slot
BlackJack MH,多手21点,52,100052,blackjackmh,blackjackmhmobile,Slot
Troll Hunters,巨魔猎人,254,100254,trollhunters,trollhuntersmobile,Slot
Fire Joker,火焰小丑,307,100307,firejoker,firejokermobile,Slot
Pimped,酷炫一族,291,100291,pimped,pimpedmobile,Slot
Cash Pump,现金加油机,397,100397,cashpump,cashpumpmobile,Slot
Rainforest Magic,雨林魔法,388,100388,rainforestmagic,rainforestmagicmobile,Slot
Demon,恶魔,394,100394,demon,demonmobile,Slot
Mission Cash,金钱谍战,379,100379,missioncash,missioncashmobile,Slot
Inferno Joker,业火小丑,399,100399,infernojoker,infernojokermobile,Slot
Firefly Frenzy,疯狂萤火虫,364,100364,fireflyfrenzy,fireflyfrenzymobile,Slot
The Sword and the Grail,剑与圣杯,376,100376,theswordandthegrail,theswordandthegrailmobile,Slot
Wild Rails,疯狂铁路,385,100385,wildrails,wildrailsmobile,Slot
Rise of Dead,亡者崛起,367,100367,riseofdead,riseofdeadmobile,Slot
Mini Baccarat,迷你百家乐,11,100011,minibaccarat,minibaccaratmobile,Slot
Big Win Cat,好运招财猫,342,100342,bigwincat,bigwincatmobile,Slot
Casino Stud Poker,赌场桩牌扑克 ,35,100035,casinostudpoker,casinostudpokermobile,Slot
Single Deck BlackJack MH,单副牌21点,55,100055,singledeckblackjackmh,singledeckblackjackmhmobile,Slot
Dragon Ship,龙船,238,100238,dragonship,dragonshipmobile,Slot
Chinese New Year,中国新年,277,100277,chinesenewyear,chinesenewyearmobile,Slot
Prosperity Palace,黄金帝国,328,100328,prosperitypalace,prosperitypalacemobile,Slot
Aztec Idols,阿兹特克人像,243,100243,aztecidols,aztecidolsmobile,Slot
Riches of RA,太阳神的财富,237,100237,richesofra,richesoframobile,Slot
Royal Masquerade,皇室化妆舞会,298,100298,masquerade,masquerademobile,Slot
Sails of Gold,黄金之帆,311,100311,sailsofgold,sailsofgoldmobile,Slot
Samba Carnival,桑巴嘉年华,304,100304,sambacarnival,sambacarnivalmobile,Slot
Space Race,太空竞赛,198,100198,spacerace,spaceracemobile,Slot
Speed Cash,极速现金,106,100106,speedcash,speedcashmobile,Slot
Tower Quest,高塔任务,287,100287,towerquest,towerquestmobile,Slot
Viking Runecraft,维京人世界,319,100319,vikingrunecraft,vikingrunecraftmobile,Slot
Wild Blood,狂野血液,250,100250,wildblood,wildbloodmobile,Slot
Wild Melon,万能西瓜,4,100004,wildmelon,wildmelonmobile,Slot
Wild North,北部荒野,294,100294,wildnorth,wildnorthmobile,Slot
Wizard of Gems,宝石巫师,302,100302,wizardofgems,wizardofgemsmobile,Slot
Golden Colts,黄金左轮,344,100344,goldencolts,goldencoltsmobile,Slot
Contact,超级消除王,359,100359,contact,contactmobile,Slot
Phoenix Reborn,凤凰涅槃,371,100371,phoenixreborn,phoenixrebornmobile,Slot
Mahjong 88,麻将 88,362,100362,mahjong88,mahjong88mobile,Slot
Sabaton,萨巴顿,378,100378,sabaton,sabatonmobile,Slot
5x Magic,5x魔术,199,100199,5xmagic,5xmagicmobile,Slot
7 Sins,七宗罪,321,100321,sevensins,sevensinsmobile,Slot
Ace of Spades,黑桃A,99,100099,aceofspades,aceofspadesmobile,Slot
Aztec Warrior Princess,阿斯德克战士公主,332,100332,aztecwarriorprincess,aztecwarriorprincessmobile,Slot
Casino Hold'em,赌场Hold’em,57,100057,casinoholdem,casinoholdemmobile,Slot
Cloud Quest,天际战神,300,100300,cloudquest,cloudquestmobile,Slot
Crazy Cows,疯狂奶牛,284,100284,crazycows,crazycowsmobile,Slot
Deuces Wild MH,德塞斯野生,270,100270,deuceswild,deuceswildmobile,Slot
Double Exposure BlackJack MH,双开式21点,54,100054,doubleexposureblackjackmh,doubleexposureblackjackmhmobile,Slot
Easter Eggs,复活节彩蛋,293,100293,eastereggs,eastereggsmobile,Slot
Enchanted Crystals,魔法水晶,259,100259,enchantedcrystals,enchantedcrystalsmobile,Slot
Enchanted Meadow,魔法草原,225,100225,enchantedmeadow,enchantedmeadowmobile,Slot
European Roulette Pro,欧洲轮盘,31,100031,europeanroulette,europeanroulettemobile,Slot
Eye of the Kraken,克拉肯的眼睛,297,100297,eyeofthekraken,eyeofthekrakenmobile,Slot
Fortune Teller,占卜师,196,100196,fortuneteller,fortunetellermobile,Slot
Fruit Bonanza,水果财富,43,100043,fruitbonanza,fruitbonanzamobile,Slot
Gift Shop,礼品店,107,100107,giftshop,giftshopmobile,Slot
Gold Trophy 2,黄金奖杯2,246,100246,goldtrophy2,goldtrophy2mobile,Slot
Golden Caravan,金色商队,312,100312,goldencaravan,goldencaravanmobile,Slot
Golden Goal,黄金球门,108,100108,goldengoal,goldengoalmobile,Slot
Golden Legend,黄金传奇,290,100290,goldenlegend,goldenlegendmobile,Slot
Grim Muerto,冷酷亡灵,303,100303,grimmuerto,grimmuertomobile,Slot
Gunslinger: Reloaded,枪手·西部再战,368,100368,gunslingerreloaded,gunslingerreloadedmobile,Slot
Happy Halloween,欢乐万圣节,305,100305,happyhalloween,happyhalloweenmobile,Slot
Holiday Season,节庆假日,327,100327,holidayseason,holidayseasonmobile,Slot
Irish Gold,爱尔兰黄金,200,100200,irishgold,irishgoldmobile,Slot
Jackpot Poker,累积奖金扑克,276,100276,jackpotpoker,jackpotpokermobile,Slot
Jacks or Better MH,杰克高手,269,100269,jacksorbetter,jacksorbettermobile,Slot
Jade Magician,翡翠魔术师,326,100326,jademagician,jademagicianmobile,Slot
Jewel Box,珠宝盒,242,100242,jewelbox,jewelboxmobile,Slot
Joker Poker MH,小丑扑克,271,100271,jokerpoker,jokerpokermobile,Slot
Jolly Roger,海盗旗帜,40,100040,jollyroger,jollyrogermobile,Slot
Lady of Fortune,财富淑女,278,100278,ladyoffortune,ladyoffortunemobile,Slot
Leprechaun goes Egypt,矮精灵埃及之旅,251,100251,leprechaungoesegypt,leprechaungoesegyptmobile,Slot
Leprechaun goes to Hell,恶魔的诱惑,315,100315,leprechaungoestohell,leprechaungoestohellmobile,Slot
Lucky Diamonds,幸运钻石,5,100005,luckydiamonds,luckydiamondsmobile,Slot
Matsuri,夏日庆典,320,100320,matsuri,matsurimobile,Slot
Mermaid's Diamond,美人鱼的宝石,329,100329,mermaidsdiamond,mermaidsdiamondmobile,Slot
Merry Xmas,欢乐圣诞节,288,100288,merryxmas,merryxmasmobile,Slot
Money Wheel,财运之轮,318,100318,moneywheel,moneywheelmobile,Slot
MULTIFRUIT 81,水果 多多 81,330,100330,multifruit81,multifruit81mobile,Slot
Myth,神话,245,100245,myth,mythmobile,Slot
Ninja Fruits,忍者水果,253,100253,ninjafruits,ninjafruitsmobile,Slot
Pearl Lagoon,珍珠湖,241,100241,pearllagoon,pearllagoonmobile,Slot
Pearls of India,印度珍珠,282,100282,pearlsofindia,pearlsofindiamobile,Slot
Photo Safari,非洲掠影,197,100197,photosafari,photosafarimobile,Slot
Prissy Princess,淘气 小公主,325,100325,prissyprincess,prissyprincessmobile,Slot
Rage to Riches,财富崛起,257,100257,ragetoriches,ragetorichesmobile,Slot
Iron Girl,钢铁女侠,306,100306,irongirl,irongirlmobile,Slot
Street Magic,街头魔术,351,100351,streetmagic,streetmagicmobile,Slot
Sizzling Spins,炙热旋转,357,100357,sizzlingspins,sizzlingspinsmobile,Slot
Cats and Cash,猫与钞票,193,100193,catsandcash,catsandcashmobile,Slot
Cops'n'Robbers,警匪游戏,194,100194,copsnrobbers,copsnrobbersmobile,Slot
Legacy of Egypt,埃及的遗产,339,100339,legacyofegypt,legacyofegyptmobile,Slot
Baker's Treat,点心派对,349,100349,bakerstreat,bakerstreatmobile,Slot
House of Doom,末日之屋,666,100666,houseofdoom,houseofdoommobile,Slot
Imperial Opera,京城曲艺,348,100348,imperialopera,imperialoperamobile,Slot
Gold King,黃金國王,341,100341,goldking,goldkingmobile,Slot
Planet Fortune,星球寻宝,345,100345,planetfortune,planetfortunemobile,Slot
Mystery Joker 6000,神秘小丑6000,338,100338,mysteryjoker6000,mysteryjoker6000mobile,Slot
Sea Hunter,深海猎人,331,100331,seahunter,seahuntermobile,Slot
Fu Er Dai,富二代,337,100337,fuerdai,fuerdaimobile,Slot
,,,,,,
3-Hand Casino Hold'em,三开德州扑克,409,100409,threehandholdem,threehandholdemmobile,Table
Arcade,基諾快乐彩,N/A,100239,keno,kenomobile,Table
