vs1fortunetree,Hot
vs243lionsgold,Hot
cs5triple8gold,Hot
vs1dragon8,Hot
vs243caishien,Hot
vs9madmonkey,Hot
vs25wolfgold,Hot
vs243fortune,Hot
vs9hotroll,Hot
vs20rhino,Hot
vs7776secrets,Hot
vs25goldpig,Hot
vs25journey,Hot
vs25chilli,Hot
vs243lionsgold,Hot
vs243mwarrior,Hot
vs5joker,Hot
,
vs5spjoker,New
vs25scarabqueen,New
vs1fortunetree,New
vs20chicken,New
vs10vampwolf,New
vs9hotroll,New
vs7776secrets,New
vs243mwarrior,New
bndt,New
vs5trjokers,New
vs243lionsgold,New
vs20wildpix,New
vs20fruitsw,New
vs243caishien,New
vs40pirate,New
vs20doghouse,New
,
vs1fortunetree,Slot
vs243lionsgold,Slot
vs1dragon8,Slot
vs243caishien,Slot
vs9madmonkey,Slot
vs25wolfgold,Slot
vs243fortune,Slot
vs9hotroll,Slot
vs20rhino,Slot
vs5aztecgems,Slot
vs25goldpig,Slot
vs25journey,Slot
vs25chilli,Slot
vs243lions,Slot
vs243mwarrior,Slot
vs5joker,Slot
vs20sbxmas,Slot
vs20hercpeg,Slot
vs10firestrike,Slot
vs20honey,Slot
vs1tigers,Slot
cs5moneyroll,Slot
cs3irishcharms,Slot
cs5triple8gold,Slot
cs3w,Slot
vs20egypttrs,Slot
vs10fruity2,Slot
vs25gladiator,Slot
vs18mashang,Slot
vs50safariking,Slot
vs20leprexmas,Slot
vs25mustang,Slot
vs5trdragons,Slot
vs10egyptcls,Slot
vs20vegasmagic,Slot
vs9chen,Slot
vs25davinci,Slot
vs25peking,Slot
vs20leprexmas,Slot
vs1024butterfly,Slot
vs10madame,Slot
vs25asgard,Slot
vs25champ,Slot
vs15fairytale,Slot
vs7fire88,Slot
vs10egypt,Slot
vs25newyear,Slot
vs25goldrush,Slot
vs20santa,Slot
vs25pandagold,Slot
vs7pigs,Slot
vs15diamond,Slot
vs25vegas,Slot
vs25wildspells,Slot
vs50pixie,Slot
vs3train,Slot
vs4096jurassic,Slot
vs20eightdragons,Slot
vs25kingdoms,Slot
vs25wolfgold,Slot
vs25pantherqueen,Slot
vs1024atlantis,Slot
vs25queenofgold,Slot
vs25dragonkingdom,Slot
vs50hercules,Slot
vs50aladdin,Slot
vs30catz,Slot
vs40beowulf,Slot
vs50chinesecharms,Slot
vs9hockey,Slot
vs25dwarves_new,Slot
vs25romeoandjuliet,Slot
vs25safari,Slot
vs9catz,Slot
vs50kingkong,Slot
vs20godiva,Slot
vs15ktv,Slot
vs243crystalcave,Slot
vs20hockey,Slot
vs50amt,Slot
vs13ladyofmoon,Slot
vs20egypt,Slot
vs20cm,Slot
vs20cw,Slot
vs20cmv,Slot
vs20cms,Slot
vs20gg,Slot
vs25sea,Slot
vs20rome,Slot
vs25h,Slot
vs25dwarves,Slot
vs13g,Slot
vs15b,Slot
vs20bl,Slot
vs7monkeys,Slot
sc7piggiesai,Slot
scdiamondai,Slot
scgoldrushai,Slot
scpandai,Slot
scqogai,Slot
scsafariai,Slot
scwolfgold,Slot
vs5spjoker,Slot
vs25scarabqueen,Slot
vs20chicken,Slot
vs10vampwolf,Slot
vs7776secrets,Slot
vs5trjokers,Slot
vs20wildpix,Slot
vs20fruitsw,Slot
vs40pirate,Slot
vs20doghouse,Slot
,
kna,Keno
,
bnadvanced,Table
bca,Table
bjmb,Table
bjma,Table
rla,Table
vpa,Table
bndt,Table
