S-GK01,Hot,,,,,,
S-PW02,Hot,,,,,,
S-FM02,Hot,,,,,,
S-LK01,Hot,,,,,,
S-LC01,Hot,,,,,,
S-ZE01,Hot,,,,,,
S-GP01,Hot,,,,,,
S-GL02,Hot,,,,,,
S-DX01,Hot,,,,,,
S-FD01,Hot,,,,,,
S-DF02,Hot,,,,,,
S-FL02,Hot,,,,,,
S-WP02,Hot,,,,,,
S-DF01,Hot,,,,,,
S-LY01,Hot,,,,,,
S-TZ01,Hot,,,,,,
,,,,,,,
S-LS02,New,,,,,,
S-HE01,New,,,,,,
S-SB01,New,,,,,,
S-DF02,New,,,,,,
S-ML01,New,,,,,,
S-TP02,New,,,,,,
S-GP01,New,,,,,,
S-CH01,New,,,,,,
S-GK01,New,,,,,,
S-PG01,New,,,,,,
S-CP01,New,,,,,,
S-GF01,New,,,,,,
S-LY02,New,,,,,,
S-GA01,New,,,,,,
S-PW02,New,,,,,,
S-WP02,New,,,,,,
,,,,,,,
S-GK01,Slot,,,,,,
S-PW02,Slot,,,,,,
S-FM02,Slot,,,,,,
S-LK01,Slot,,,,,,
S-CS01,Slot,,,,,,
S-ZE01,Slot,,,,,,
S-GP01,Slot,,,,,,
S-GL02,Slot,,,,,,
S-DX01,Slot,,,,,,
S-FD01,Slot,,,,,,
S-DF02,Slot,,,,,,
S-FL02,Slot,,,,,,
S-WP02,Slot,,,,,,
S-DF01,Slot,,,,,,
S-LY01,Slot,,,,,,
S-TZ01,Slot,,,,,,
S-HY01,Slot,,,,,,
S-FO01,Slot,,,,,,
S-GC03,Slot,,,,,,
S-BC01,Slot,,,,,,
S-CY01,Slot,,,,,,
S-PP01,Slot,,,,,,
S-HF01,Slot,,,,,,
S-FC03,Slot,,,,,,
S-PO01,Slot,,,,,,
S-TW01,Slot,,,,,,
S-PK01,Slot,,,,,,
S-GW01,Slot,,,,,,
S-GP02,Slot,,,,,,
S-NT01,Slot,,,,,,
S-SH01,Slot,,,,,,
S-LC01,Slot,,,,,,
S-DM01,Slot,,,,,,
S-HH01,Slot,,,,,,
S-BB01,Slot,,,,,,
S-CM01,Slot,,,,,,
S-AL01,Slot,,,,,,
S-DV01,Slot,,,,,,
S-FG01,Slot,,,,,,
S-EG03,Slot,,,,,,
S-SG02,Slot,,,,,,
S-JF02,Slot,,,,,,
S-DG04,Slot,,,,,,
S-WM03,Slot,,,,,,
S-GS04,Slot,,,,,,
S-WC03,Slot,,,,,,
S-LH03,Slot,,,,,,
S-SP03,Slot,,,,,,
S-SG04,Slot,,,,,,
S-LE03,Slot,,,,,,
S-IL03,Slot,,,,,,
S-IM03,Slot,,,,,,
S-LF01,Slot,,,,,,
S-PH02,Slot,,,,,,
S-MR01,Slot,,,,,,
S-WP01,Slot,,,,,,
S-JT01,Slot,,,,,,
S-GO01,Slot,,,,,,\
S-SM01,Slot,,,,,,
S-IL02,Slot,,,,,,
S-LE02,Slot,,,,,,
S-GG01,Slot,,,,,,
S-LM01,Slot,,,,,,
S-AT02,Slot,,,,,,
S-DG03,Slot,,,,,,
S-EG02,Slot,,,,,,
S-FC02,Slot,,,,,,
S-GS03,Slot,,,,,,
S-LH02,Slot,,,,,,
S-LS01,Slot,,,,,,
S-RK01,Slot,,,,,,
S-SA02,Slot,,,,,,
S-LS02,Slot,,,,,,
S-SK01,Slot,,,,,,
S-SP02,Slot,,,,,,
S-WM02,Slot,,,,,,
S-CC01,Slot,,,,,,
S-FB02,Slot,,,,,,
S-HE01,Slot,,,,,,
S-SB01,Slot,,,,,,
S-ML01,Slot,,,,,,
S-TP02,Slot,,,,,,
S-CH01,Slot,,,,,,
S-PG01,Slot,,,,,,
S-CP01,Slot,,,,,,
S-GF01,Slot,,,,,,
S-LY02,Slot,,,,,,
S-GA01,Slot,,,,,,
