1079:ReelsOfFortune:0,Hot
1077:GoldenAmazon:0,Hot
1089:MonkeyLuck:0,Hot
1072:SuperKids:0,Hot
1078:Huluwa:0,Hot
1075:DetectiveBlackCat:0,Hot
1064:FireGoddessH5:0,Hot
1069:MoreMonkeysH5:0,Hot
1016:MadMonkey:0,Hot
1052:FrogsNFliesH5:0,Hot
1053:ChilliGoldH5:0,Hot
1068:ThunderingZeusH5:0,Hot
1058:LostTempleH5:0,Hot
1057:SilverLionH5:0,Hot
1070:DragonPalaceH5:0,Hot
1025:LuckyPanda:0,Hot
,
1083:MadMonkey2:0,New
1136:GoldenClaw:0,New
1082:FrogsNFlies2:0,New
1114:WildWildTiger:0,New
1120:GoldenBuffalo:0,New
1080:GoldenDragon:0,New
1106:WildKartRacers:0,New
1084:MedusaCurse:0,New
1130:DiamondFortune:0,New
1112:UltimateFighter:0,New
1125:Shark:0,New
1046:Crazy8s:0,New
1098:DiaDeMuertos:0,New
1099:NeptunesGoldH5:0,New
1107:KingDinosaur:0,New
,
1079:ReelsOfFortune:0,Slot
1077:GoldenAmazon:0,Slot
1089:MonkeyLuck:0,Slot
1072:SuperKids:0,Slot
1078:Huluwa:0,Slot
1075:DetectiveBlackCat:0,Slot
1064:FireGoddessH5:0,Slot
1069:MoreMonkeysH5:0,Slot
1016:MadMonkey:0,Slot
1052:FrogsNFliesH5:0,Slot
1053:ChilliGoldH5:0,Slot
1068:ThunderingZeusH5:0,Slot
1058:LostTempleH5:0,Slot
1057:SilverLionH5:0,Slot
1070:DragonPalaceH5:0,Slot
1025:LuckyPanda:0,Slot
1118:LuckyPandaH5:0,Slot
1103:HeroesNeverDie:0,Slot
1109:FairyHollow:0,Slot
1111:NeutronStarH5:0,Slot
1132:ThreeDiamonds:0,Slot
1133:GoldenPigNJ:0,Slot
1044:StacksOfCheese:0,Slot
1047:DynastyEmpire:0,Slot
1063:FuStarH5:0,Slot
1066:AladdinsLegacyH5:0,Slot
1067:FivePiratesH5:0,Slot
1080:GoldenDragon:0,Slot
1101:GemRiches :0,Slot
1087:YingCaiShen:0,Slot
1102:WildTriads:0,Slot
1100:TinyDoorGods:0,Slot
1043:KungFuShowdown:0,Slot
1091:BattleHeroes:0,Slot
1104:DiamondTowerH5:0,Slot
1024:TheSilkRoad:0,Slot
1030:TikiTreasures:0,Slot
1033:RobinHood:0,Slot
1037:TigerSlayer:0,Slot
1036:TheHoppingDead:0,Slot
1040:DragonBallReels:0,Slot
1042:EightImmortals :0,Slot
1049:LegendOfLinkH5:0,Slot
1054:YearOfTheMonkeyH5:0,Slot
1003:DolphinGold:0,Slot
1056:DragonKingH5:0,Slot
1060:FortunePaysH5:0,Slot
1061:HotVolcanoH5:0,Slot
1073:GongXiFaCai:0,Slot
526:FrogsNFlies:0,Slot
1083:MadMonkey2:0,Slot
533:ChilliGold:0,Slot
486:ThunderingZeus:0,Slot
1000:FortunePays:0,Slot
484:LostTemple:0,Slot
525:AladdinsLegacy:0,Slot
480:VampiresVsWerewolves:0,Slot
423:Dragon8sSlots:0,Slot
1007:SilverLion:0,Slot
411:FruitParty:0,Slot
516:Taxi:0,Slot
63:ArthursQuest:0,Slot
478:SerengetiDiamonds:0,Slot
477:AngelsTouch:0,Slot
475:DracosFire:0,Slot
1022:HotVolcano:0,Slot
515:SamuraiPrincess:0,Slot
444:BerryBlastSlots:0,Slot
1039:RoseOfVenice:0,Slot
1031:NeutronStar:0,Slot
1034:Cleopatra:0,Slot
1029:DragonPalace:0,Slot
1027:AladdinHandOfMidas:0,Slot
1026:Athena:0,Slot
1011:JadeEmpire:0,Slot
1035:YearOfTheMonkey:0,Slot
1023:SnakeCharmer:0,Slot
1028:GrandPrix:0,Slot
1021:DragonKing:0,Slot
1018:PotOGoldII:0,Slot
1013:MonkeyAndTheMoon:0,Slot
1017:ZeusVsHades:0,Slot
1019:FireGoddess:0,Slot
1009:KatLeeII:0,Slot
1012:FivePirates:0,Slot
1014:MoreMonkeys:0,Slot
1004:JourneyWest:0,Slot
1006:ActionHeroes:0,Slot
1015:RedHotFreeSpins:0,Slot
1008:CashGrabII:0,Slot
1003:DolphinGold:0,Slot
1002:ZodiacWilds:0,Slot
1001:FuStar:0,Slot
540:Fortune8Cat:0,Slot
530:ChoySunDoa:0,Slot
483:ShogunShowdown:0,Slot
474:SinfulSpinsSlots:0,Slot
473:BarsAndBellsSlots:0,Slot
468:VictoryRidgeSlots:0,Slot
462:ArthursQuestIISlots:0,Slot
453:TheGreatCasiniSlots:0,Slot
452:MagicalGroveSlots:0,Slot
449:SurfsUpSlots:0,Slot
447:TBSpinNWinSlots:0,Slot
446:FortuneTellerSlots:0,Slot
444:BerryBlastSlots:0,Slot
440:KatLeeSlots:0,Slot
439:LadysCharmsSlots:0,Slot
438:VivaVeneziaSlots:0,Slot
437:FanCashticSlots:0,Slot
428:WildMummySlots:0,Slot
424:PolarRichesSlots:0,Slot
1083:MadMonkey2:0,Slot
421:MonkeyLoveSlots:0,Slot
416:NeptunesGoldSlots:0,Slot
414:AmazonAdventureSlots:0,Slot
413:JackpotHolidaySlots:0,Slot
401:GoooalSlots:0,Slot
1008:CashGrabII:0,Slot
65:Oktoberfest:0,Slot
64:BullsEyeBucks:0,Slot
18:HoleInOne:0,Slot
15:HollywoodReels:0,Slot
10:FastTrack:0,Slot
1136:GoldenClaw:0,Slot
1082:FrogsNFlies2:0,Slot
1114:WildWildTiger:0,Slot
1120:GoldenBuffalo:0,Slot
1080:GoldenDragon:0,Slot
1106:WildKartRacers:0,Slot
1084:MedusaCurse:0,Slot
1130:DiamondFortune:0,Slot
1112:UltimateFighter:0,Slot
1125:Shark:0,Slot
1046:Crazy8s:0,Slot
1098:DiaDeMuertos:0,Slot
1099:NeptunesGoldH5:0,Slot
1107:KingDinosaur:0,Slot
