1052:FrogsNFliesH5:0,Hot
1051:MadMonkeyH5:0,Hot
1069:MoreMonkeysH5:0,Hot
1058:LostTempleH5:0,Hot
1070:DragonPalaceH5:0,Hot
1053:ChilliGoldH5:0,Hot
1055:DolphinGoldH5 :0,Hot
1057:SilverLionH5:0,Hot
1067:FivePiratesH5:0,Hot
1105:WildWildWitch:0,Hot
1087:YingCaiShen:0,Hot
1052:FrogsNFliesH5:0,Hot
,
1083:MadMonkey2:0,New
15400:EGIGame:0,New
1136:GoldenClaw:0,New
1082:FrogsNFlies2:0,New
1114:WildWildTiger:0,New
1120:GoldenBuffalo:0,New
15408:EGIGame:0,New
1106:WildKartRacers:0,New
1084:MedusaCurse:0,New
1130:DiamondFortune:0,New
1112:UltimateFighter:0,New
1125:Shark:0,New
1046:Crazy8s:0,New
1098:DiaDeMuertos:0,New
1099:NeptunesGoldH5:0,New
1107:KingDinosaur:0,New
,
Slot,
1052:FrogsNFliesH5:0,Slot
1051:MadMonkeyH5:0,Slot
1069:MoreMonkeysH5:0,Slot
1058:LostTempleH5:0,Slot
1070:DragonPalaceH5:0,Slot
1053:ChilliGoldH5:0,Slot
1055:DolphinGoldH5 :0,Slot
1057:SilverLionH5:0,Slot
1067:FivePiratesH5:0,Slot
1114:WildWildTiger:0,Slot
1087:YingCaiShen:0,Slot
1082:FrogsNFlies2:0,Slot
1118:LuckyPandaH5:0,Slot
1103:HeroesNeverDie:0,Slot
1109:FairyHollow:0,Slot
1079:ReelsOfFortune:0,Slot
1111:NeutronStarH5:0,Slot
1132:ThreeDiamonds:0,Slot
1133:GoldenPigNJ:0,Slot
1077:GoldenAmazon:0,Slot
1089:MonkeyLuck:0,Slot
1072:SuperKids:0,Slot
1078:Huluwa:0,Slot
1075:DetectiveBlackCat:0,Slot
1064:FireGoddessH5:0,Slot
1068:ThunderingZeusH5:0,Slot
1044:StacksOfCheese:0,Slot
1047:DynastyEmpire:0,Slot
1063:FuStarH5:0,Slot
1066:AladdinsLegacyH5:0,Slot
1080:GoldenDragon:0,Slot
1101:GemRiches :0,Slot
1102:WildTriads:0,Slot
1100:TinyDoorGods:0,Slot
1043:KungFuShowdown:0,Slot
1091:BattleHeroes:0,Slot
1104:DiamondTowerH5:0,Slot
1042:EightImmortals :0,Slot
1049:LegendOfLinkH5:0,Slot
1054:YearOfTheMonkeyH5:0,Slot
1056:DragonKingH5:0,Slot
1060:FortunePaysH5:0,Slot
1061:HotVolcanoH5:0,Slot
1073:GongXiFaCai:0,Slot
1083:MadMonkey2:0,Slot
15400:EGIGame:0,Slot
1136:GoldenClaw:0,Slot
1120:GoldenBuffalo:0,Slot
15408:EGIGame:0,Slot
1106:WildKartRacers:0,Slot
1084:MedusaCurse:0,Slot
1130:DiamondFortune:0,Slot
1112:UltimateFighter:0,Slot
1125:Shark:0,Slot
1046:Crazy8s:0,Slot
1098:DiaDeMuertos:0,Slot
1099:NeptunesGoldH5:0,Slot
1107:KingDinosaur:0,Slot
